       {
        "localizedName": "Glayer",
        "description": "[accent]An Advanced Sharded Tech Air Unit. Fires Accential Bullets",
        "research": {
        "parent": "mono",
        "requirements": [
        "silicon/200"
        ]
        },
        "commandLimit": 5,
        "type": "flying",
          "speed": 3.6,
          "lowAltitude": true,
          "hitSize": 10,
          "health": 400,
          "accel": 0.1,
          "faceTarget": true,
          "drag": 0.05,
          "engineOffset": 0,
          "engineSize": 0,
          "range": 120,
          "targetAir": true,
          "rotateSpeed": 15,
          "flying": true,
          "weapons": [
              {
          "name": "glyer-weapon",
          "reload": 45,
          "mirror": false,
          "x": 0,
          "y": -1,
          "shootY": 3,
          "recoil": 2,
          "shake": 1,
          "rotate": false,
          "shootSound": "laser",
          "shootCone": 45,
          "bullet": {
          "type": "EmpBulletType",
          "width": 14,
          "height": 14,
          "sprite": "bullet",
          "frontColor": "FFFFFF",
          "backColor": "ffd37f",
          "lifetime": 60,
          "speed": 5,
          "damage": 50,
          "splashDamage": 10,
          "splashDamageRadius": 20,
          "shrinkY": 0,
          "shrinkX": 0,
          "radius": 20,
          "timeIncrease": 0.5,
          "powerDamageScl": 0.3,
          "powerSclDecrease": 0.1,
          "unitDamageScl": 0.3,
          "statusDuration": 100,
          "shootEffect": "lightningShoot",
          "homingPower": 0.0678,
          "homingRange": 40,
          "despawnEffect": {
          "type": "ParticleEffect",
          "line": true,
          "particles": 7,
          "lifetime": 20,
          "offset": 50,
          "length": 55,
          "cone": -360,
          "lenFrom": 6,
          "lenTo": 0,
          "colorFrom": "ffd37f",
          "colorTo": "ffffff"
          },
          "hitEffect": {
          "type": "ParticleEffect",
          "line": true,
          "particles": 7,
          "lifetime": 20,
          "offset": 50,
          "length": 55,
          "cone": -360,
          "lenFrom": 6,
          "lenTo": 0,
          "colorFrom": "ffd37f",
          "colorTo": "ffffff"
          },
          "trailColor": "ffd37f",
          "trailParam": 6,
          "trailLength": 15,
          "trailWidth": 3
          }
          }
          ],
          "abilities": [
            {
              "type": "MoveLightningAbility",
              "offset": 1,
              "width": 0,
              "minSpeed": 0.5,
              "maxSpeed": 1,
              "chance": 1,
              "length": 0,
              "damage": 0,
              "shootSound": "none",
              "shootEffect": {
                "type": "ParticleEffect",
                "cone": 0,
                "length": -30,
                "lifetime": 45,
                "line": true,
                "lenFrom": 6,
                "lenTo": 3,
                "strokeFrom": 2,
                "strokeTo": 0,
                "colorFrom": "ffd37f",
                "colorTo": "ffd37f"
              }
            }
          ]
      }
      