{
    "localizedName": "Tetralis",
    "description": "[accent]a tier 3 of shardians that shoot 4 lancers",
    "research": "trinal",
    "commandLimit": 8,
    "type": "flying",
	"speed": 1.5,
	"hitSize": 24,
	"health": 1650,
	"faceTarget": true,
	"armor": 7,
	"drag": 0.02,
    "accel": 0.05,
	"range": 220,
	"flying": true,
	"targetAir": true,
    "lowAltitude": true,
	"rotateSpeed": 6,
	"weapons": [
		{
    "name": "accen-gun",
    "reload": 40,
    "mirror": true,
    "alternate": true,
    "x": 3,
    "y": 8,
    "shootY": 3,
    "recoil": 1.5,
    "shake": 1,
    "rotate": false,
    "shootSound": "laser",
    "shootCone": 45,
			"bullet": {
              "type": "LaserBulletType",
              "length": 130,
              "width": 6,
              "damage": 40,
              "hitColor": "ffd37f",
              "shootEffect": "lightningShoot",
              "hitEffect": "lightningShoot",
              "colors":["ffd37f", "ffd37f", "FFFFFF"],
              "sideAngle": 25,
              "sideLength": 32,
              "sideWidth": 1
			}
		},
        {
            "name": "acc-gigelnn",
            "reload": 25,
            "mirror": true,
            "alternate": true,
            "x": 6,
            "y": 0,
            "shootY": 3,
            "recoil": 1.5,
            "shake": 1,
            "rotate": false,
            "shootSound": "laser",
            "shootCone": 45,
                    "bullet": {
                      "type": "LaserBulletType",
                      "length": 160,
                      "width": 8,
                      "damage": 55,
                      "hitColor": "ffd37f",
                      "shootEffect": "lightningShoot",
                      "hitEffect": "lightningShoot",
                      "colors":["ffd37f", "ffd37f", "FFFFFF"],
                      "sideAngle": 25,
                      "sideLength": 32,
                      "sideWidth": 1
                    }
                }
	]
}
