{
    "localizedName": "Trinal",
    "description": "[accent]Fires arcs and laser bullets.",
    "research": {
    "parent": "glayer",
    "requirements": [
    "silicon/400",
    "graphite/400"
    ]
    },
    "commandLimit": 8,
    "type": "flying",
      "speed": 3,
      "lowAltitude": true,
      "hitSize": 16,
      "health": 750,
      "accel": 0.1,
      "faceTarget": true,
      "armor": 5,
      "drag": 0.05,
      "engineOffset": 8,
      "engineSize": 3.5,
      "range": 160,
      "targetAir": true,
      "rotateSpeed": 10,
      "flying": true,
      "weapons": [
          {
            "name": "acc-arc",
            "reload": 30,
            "top": true,
            "alternate": true,
            "mirror": true,
            "x": 8,
            "y": 2,
            "shootY": 5,
            "recoil": 1.5,
            "shake": 1,
            "rotateSpeed": 20,
            "rotate": true,
            "shots":2,
            "shootSound": "spark",
            "shootCone": 5,
            "bullet": {
            "type": "LightningBulletType",
            "shootEffect": "shootHealYellow",
            "status": "shocked",
            "statusDuration": 80,
            "lightColor": "ffd37f",
            "lightningColor": "ffd37f",
            "lightningCone": 20,
            "damage": 24,
            "lightningLengthRand": 6,
            "lightningLength": 14,
            "collidesAir": true
          }
          },
          {"name": "accen-gun",
            "shootCone": 15,
            "alternate": true,
            "mirror": true,
            "x": 2,
            "y": 1.5,
            "reload": 20,
            "recoil": 0.5,
            "ejectEffect": "none",
            "shootSound": "sap",
            "bullet": {
            "smokeEffect": "none",
            "type": "LaserBoltBulletType",
            "shootEffect": "lightningShoot",
            "despawnEffect": {
            "type": "ParticleEffect",
            "line": true,
            "particles": 7,
            "lifetime": 20,
            "offset": 50,
            "length": 55,
            "cone": -360,
            "lenFrom": 6,
            "lenTo": 0,
            "colorFrom": "ffffff",
            "colorTo": "ffd37f"
            },
            "hitEffect": {
            "type": "ParticleEffect",
            "line": true,
            "particles": 7,
            "lifetime": 20,
            "offset": 50,
            "length": 55,
            "cone": -360,
            "lenFrom": 6,
            "lenTo": 0,
            "colorFrom": "ffffff",
            "colorTo": "ffd37f"
            },
            "damage": 16,
            "speed": 7,
            "trailColor": "ffd37f",
            "trailParam": 6,
            "trailEffect": "none",
            "trailLength": 5,
            "trailInterval": 6,
            "trailWidth": 1.5,
            "frontColor": "ffffff",
            "backColor": "ffd37f",
            "lifetime": 35
            }
          }
        ]
}