{
    "localizedName": "Allender", 
    "description": "Fires 4 surge bullets at far distance.", 
    "type": "itemTurret",
    "health": 4800,
    "shots": 4,
    "shootShake": 2,
	"size": 4,
    "spread": 0,
	"reloadTime": 90,
	"range": 400,
    "shootLength": 9,
	"recoilAmount": 3,
	"restitution": 0.1,
	"coolantMultiplier": 2,
	"ammoUseEffect": "casing2",
	"shootCone": 20,
	"shootSound": "artillery",
	"rotateSpeed": 4,
    "ammoPerShot": 4,
    "ammoCapacity": 80,
	"inaccuracy": 0,
    "consumes" : {
		"power": 5
			},
    "burstSpacing": 5,
    "ammoTypes": {"surge-alloy": {
        "status": "shocked",
        "statusDuration": "100",
        "speed": 10,
        "trailColor": "F3E979FF",
        "trailParam": 4,
        "trailLength": 12,
        "trailWidth": 4,
        "trailEffect": "none",
        "shrinkY": 0,
        "shrinkX": 0,
        "height": 20,
        "width": 20,
        "lifetime": 50,
        "damage": 200,
        "knockback": 2,
        "pierce": true,
        "pierceCap": 20,
        "hitSize": 12,
        "frontColor": "FFFFFFFF",
        "backColor": "F3E979FF",
        "shootEffect": "instShoot",
        "hitEffect": "instBomb",
        "despawnEffect": "instBomb",
        "lightning": 8,
        "lightningDamage": 20,
        "lightningCone": 360,
        "lightningLengthRand": 15,
        "lightningLength": 15
       }
    },
    "requirements": [
        "copper/1500",
        "graphite/600",
        "titanium/800",
        "silicon/300",
        "plastanium/450",
        "surge-alloy/350"
    ],
    "category": "turret",
	"research": "foreshadow"
}