{
    "type": "ItemTurret",
    "description": "a barrage turret that useful to taking down large units.",
    "localizedName": "salventer",
    "size": 4,
    "health": 3600,
    "reloadTime": 7,
    "range": 256,
    "inaccuracy": 2,
    "shots": 3,
    "ammoUseEffect": "casing2",
    "ammoEjectBack": 3,
    "spread": 3,
    "targetAir": true,
    "alternate": true,
    "targetGround": true,
    "shootCone": 36,
    "shootShake": 2,
    "recoilAmount": 2,
    "cooldown": 0.06,
    "restitution": 0.1,
    "rotateSpeed": 4,
    "shootSound": "shootBig",
    "ammoTypes": {
        "graphite": {
            "ammoMultiplier": 3,
            "width": 8,
            "length": 12,
            "damage": 30,
            "reloadMultiplier": 0.8,
            "shrinkY": 0.1,
            "lifetime": 80,
            "speed": 6
        },
        "silicon": {
            "ammoMultiplier": 3,
            "width": 8,
            "length": 12,
            "damage": 24,
            "shrinkY": 0.8,
            "homingRange": 80,
            "homingPower": 0.05,
            "speed": 6,
            "lifetime": 60
        },
        "pyratite": {
            "ammoMultiplier": 3,
            "status": "burning",
            "width": 8,
            "length": 12,
            "shrinkY": 0.8,
            "incendChance": 1,
            "incendAmount": 4,
            "incendSpread": 4,
            "damage": 26,
            "speed": 6,
            "lifetime": 60
        },
        "thorium": {
            "ammoMultiplier": 3,
            "width": 8,
            "length": 12,
            "shrinkY": 0.8,
            "pierce": true,
            "pierceCap": 2,
            "damage": 60,
            "speed": 8,
            "lifetime": 60
        },
        "plastanium": {
            "ammoMultiplier": 3,
            "damage": 35,
            "fragBullets": 4,
            "shrinkY": 0.8,
            "fragBullet": {
                "damage": 20,
                "lifetime": 20,
                "speed": 2,
                "width": 4,
                "length": 6,
                "shrinkY": 1,
                "hitEffect": {}
            },
            "width": 8,
            "length": 12,
            "speed": 6,
            "lifetime": 60
        },
        "surge-alloy": {
            "ammoMultiplier": 3,
            "width": 8,
            "length": 12,
            "speed": 6,
            "damage": 80,
            "lifetime": 60,
            "lightning": 4,
            "shrinkY": 0.1,
            "lighningCone": 360,
            "lightningLength": 6,
            "lightningLengthRand": 6
        },
        "blast-compound": {
            "ammoMultiplier": 3,
            "width": 8,
            "damage": 65,
            "splashDamageRadius": 40,
            "splashDamage": 90,
            "shrinkY": 0.1,
            "status": "blasted",
            "length": 12,
            "speed": 6,
            "lifetime": 60
        }
    },
    "requirements": [
        "thorium/400",
        "surge-alloy/170",
        "titanium/400",
        "silicon/380",
        "plastanium/360",
        "graphite/600"
    ],
    "category": "turret",
    "research": "salvo"
}