{
	"type": "LaserTurret",
	"localizedName": "Uprise",
	"description": "[orange]A very much more powerful upgrade to the meltdown.",
	"size": 8,
	"health": 19200,
	"reloadTime": 10,
	"range": 300,
	"shots" : 1,
	"targetAir" : true, 
	"targetGround" : true,
	"shootCone" : 40,
	"spread" : 4,
	"powerUse": 40,
    "coolantMultiplier": 1.0,
    "liquidCapacity": 400,
    "update": true,
    "hasPower": true,
    "shootEffect": "shootBigSmoke2",
    "shootShake": 4,
    "firingMoveFract": 0.5,
    "shootDuration": 370,
    "shootSound": "uprise-shoot",
    "loopSound": "uprise-loop",
	"recoilAmount" : 1.5,
	"restitution" : 0.04, 
	"rotateSpeed": 1.5,
	
      "shootType" : {
      "type": "ContinuousLaserBulletType",
      "damage": 600,
      "width": 12,
      "length": 400,
      "hitEffect": "hitMeltdown",
      "drawSize": 260,
      "incendChance": 20,
      "incendSpread": 8,
      "incendAmount": 6,
      "lightning": 1,
      "lightningDamage": 300,
      "lightningCone": 0,
      "lightningAngle": 0,
      "lightningLength": 40,
      "lightningLengthRand": 10,
      "lightningColor": "ff9c5a"
	},

	"requirements": [
	    "copper/3200",
        "lead/2000",
        "titanium/2400",
        "graphite/2500",
        "plastanium/1200",
        "silicon/2000",
        "surge-alloy/1000"
	],
	"category": "turret",
	"research": "meltdown"
}